product_name,product_url
Argentina Business Email List,https://leadsblue.com/leads/argentina-business-email-leads-database/
Australia Business Email Database,https://leadsblue.com/leads/australia-business-email-leads-database/
Austria Business Email List,https://leadsblue.com/leads/austria-business-email-leads-database/
Bahrain Business Email Database,https://leadsblue.com/leads/bahrain-business-email-leads-database/
Bangladesh Business Mailing List,https://leadsblue.com/leads/bangladesh-business-email-leads-database/
Belarus BB Database,https://leadsblue.com/leads/belarus-business-email-leads-database/
Belgium Business Contact List,https://leadsblue.com/leads/belgium-business-email-leads-database/
Brazil Business Email List,https://leadsblue.com/leads/brazil-business-email-leads-database/
Bulgaria Business Email Database,https://leadsblue.com/leads/bulgaria-business-email-leads-database/
Canada Business Contact List,https://leadsblue.com/leads/canada-business-email-leads-database/
Chile Business Email List,https://leadsblue.com/leads/chile-business-email-leads-database/
China Business Email Database,https://leadsblue.com/leads/china-business-email-leads-database/
Croatia Business Mailing List,https://leadsblue.com/leads/croatia-business-email-leads-database/
Cyprus Business Email List,https://leadsblue.com/leads/cyprus-business-email-leads-database/
Czech Republic BB Database,https://leadsblue.com/leads/czech-republic-business-email-leads-database/
Denmark Business Email List,https://leadsblue.com/leads/denmark-business-email-leads-database/
Egypt Business Email Database,https://leadsblue.com/leads/egypt-business-email-leads-database/
Estonia Business Contact List,https://leadsblue.com/leads/estonia-business-email-leads-database/
Finland Business Email Database,https://leadsblue.com/leads/finland-business-email-leads-database/
France Business Email List,https://leadsblue.com/leads/france-business-email-leads-database/
Germany Business Contact List,https://leadsblue.com/leads/germany-business-email-leads-database/
Ghana Business Email List,https://leadsblue.com/leads/ghana-business-email-leads-database/
Greece Business Mailing List,https://leadsblue.com/leads/greece-business-email-leads-database/
Hungary Business Email List,https://leadsblue.com/leads/hungary-business-email-leads-database/
Iceland Business Email Database,https://leadsblue.com/leads/iceland-business-email-leads-database/
Indonesia Business Contact List,https://leadsblue.com/leads/indonesia-business-email-leads-database/
Israel Business Email Database,https://leadsblue.com/leads/israel-business-email-leads-database/
Italy Business Email List,https://leadsblue.com/leads/italy-business-email-leads-database/
Japan Business Email List and Sales Leads Database,https://leadsblue.com/leads/japan-business-email-leads-database/
Kuwait Business Email Database,https://leadsblue.com/leads/kuwait-business-email-leads-database/
Latvia Business Email List,https://leadsblue.com/leads/latvia-business-email-leads-database/
Lebanon Business Email Database,https://leadsblue.com/leads/lebanon-business-email-leads-database/
Lithuania Business Email List,https://leadsblue.com/leads/lithuania-business-email-leads-database/
Luxembourg Business Contact List,https://leadsblue.com/leads/luxembourg-business-email-leads-database/
Malaysia Business Email Database,https://leadsblue.com/leads/malaysia-business-email-leads-database/
Malta Business Email List,https://leadsblue.com/leads/malta-business-email-leads-database/
Mexico Business Mailing List,https://leadsblue.com/leads/mexico-business-email-leads-database/
Montenegro Business Email List,https://leadsblue.com/leads/montenegro-business-email-leads-database/
Morocco Business Email Database,https://leadsblue.com/leads/morocco-business-email-leads-database/
Netherlands Business Email List,https://leadsblue.com/leads/netherlands-business-email-leads-database/
New Zealand Business Email List and Sales Leads Database,https://leadsblue.com/leads/new-zealand-business-email-leads-database/
Norway Business Contact List,https://leadsblue.com/leads/norway-business-email-leads-database/
Oman Business Email Database,https://leadsblue.com/leads/oman-business-email-leads-database/
Pakistan Business Email List,https://leadsblue.com/leads/pakistan-business-email-leads-database/
Peru Business Email Database,https://leadsblue.com/leads/peru-business-email-leads-database/
Philippines Business Contact List,https://leadsblue.com/leads/philippines-business-email-leads-database/
Poland Business Email List,https://leadsblue.com/leads/poland-business-email-leads-database/
Portugal Business Email Database,https://leadsblue.com/leads/portugal-business-email-leads-database/
Qatar Business Email List,https://leadsblue.com/leads/qatar-business-email-leads-database/
Romania Business Email Database,https://leadsblue.com/leads/romania-business-email-leads-database/
Russia Business Email List,https://leadsblue.com/leads/russia-business-email-leads-database/
Saudi Arabia Business Email List,https://leadsblue.com/leads/saudi-arabia-business-email-leads-database/
Serbia Business Email Database,https://leadsblue.com/leads/serbia-business-email-leads-database/
Singapore Business Email List,https://leadsblue.com/leads/singapore-business-email-leads-database/
Slovenia Business Email Database,https://leadsblue.com/leads/slovenia-business-email-leads-database/
South Africa Business Mailing List,https://leadsblue.com/leads/south-africa-business-email-leads-database/
Spain Business Email Database,https://leadsblue.com/leads/spain-business-email-leads-database/
Sri Lanka Business Email List,https://leadsblue.com/leads/sri-lanka-business-email-leads-database/
Sweden Business Email Database,https://leadsblue.com/leads/sweden-business-email-leads-database/
Switzerland Business Email List,https://leadsblue.com/leads/switzerland-business-email-leads-database/
Thailand Business Email Database,https://leadsblue.com/leads/thailand-business-email-leads-database/
Togo Business Email List,https://leadsblue.com/leads/togo-business-email-leads-database/
Turkey Business Email Database,https://leadsblue.com/leads/turkey-business-email-leads-database/
Ukraine Business Email List,https://leadsblue.com/leads/ukraine-business-email-leads-database/
UAE Business Email Database,https://leadsblue.com/leads/united-arab-emirates-business-email-leads-database/
USA Business Email List,https://leadsblue.com/leads/usa-business-email-leads-database/
Vietnam Business Email Database,https://leadsblue.com/leads/vietnam-business-email-leads-database/
Cryptocurrency Email List - Targeted Crypto & Bitcoin Users Email List,https://leadsblue.com/leads/cryptocurrency-email-list-bitcoin-users-email-list-cryptocurrency-investor-leads/
Alabama Business Email List,https://leadsblue.com/leads/usa-state-alabama-business-email-leads-database/
Alaska Business Email Database,https://leadsblue.com/leads/usa-state-alaska-business-email-leads-database/
Arizona Business Email List,https://leadsblue.com/leads/usa-state-arizona-business-email-leads-database/
Arkansas Business Email Database,https://leadsblue.com/leads/usa-state-arkansas-business-email-leads-database/
California Business Email List,https://leadsblue.com/leads/usa-state-california-business-email-leads-database/
Colorado Business Email Database,https://leadsblue.com/leads/usa-state-colorado-business-email-leads-database/
Connecticut Business Contact List,https://leadsblue.com/leads/usa-state-connecticut-business-email-leads-database/
Delaware Business Email Database,https://leadsblue.com/leads/usa-state-delaware-business-email-leads-database/
Florida Business Email List,https://leadsblue.com/leads/usa-state-florida-business-email-leads-database/
Georgia Business Email Database,https://leadsblue.com/leads/usa-state-georgia-business-email-leads-database/
Hawaii Business Email List,https://leadsblue.com/leads/usa-state-hawaii-business-email-leads-database/
Idaho Business Email Database,https://leadsblue.com/leads/usa-state-idaho-business-email-leads-database/
Illinois Business Email List,https://leadsblue.com/leads/usa-state-illinois-business-email-leads-database/
Indiana Business Email Database,https://leadsblue.com/leads/usa-state-indiana-business-email-leads-database/
Iowa Business Contact List,https://leadsblue.com/leads/usa-state-iowa-business-email-leads-database/
Kansas Business Email List,https://leadsblue.com/leads/usa-state-kansas-business-email-leads-database/
Kentucky Business Email Database,https://leadsblue.com/leads/usa-state-kentucky-business-email-leads-database/
Louisiana Business Email List,https://leadsblue.com/leads/usa-state-louisiana-business-email-leads-database/
Maine Business Email Database,https://leadsblue.com/leads/usa-state-maine-business-email-leads-database/
Maryland Business Email List,https://leadsblue.com/leads/usa-state-maryland-business-email-leads-database/
Massachusetts Business Email Database,https://leadsblue.com/leads/usa-state-massachusetts-business-email-leads-database/
Michigan Business Email List,https://leadsblue.com/leads/usa-state-michigan-business-email-leads-database/
Minnesota Business Email Database,https://leadsblue.com/leads/usa-state-minnesota-business-email-leads-database/
Mississippi Business Email List,https://leadsblue.com/leads/usa-state-mississippi-business-email-leads-database/
Missouri Business Email Database,https://leadsblue.com/leads/usa-state-missouri-business-email-leads-database/
Montana Business Email List,https://leadsblue.com/leads/usa-state-montana-business-email-leads-database/
Nebraska Business Email Database,https://leadsblue.com/leads/usa-state-nebraska-business-email-leads-database/
Nevada Business Email List,https://leadsblue.com/leads/usa-state-nevada-business-email-leads-database/
New Hampshire Business Email Database,https://leadsblue.com/leads/usa-state-new-hampshire-business-email-leads-database/
New Jersey Business Email List,https://leadsblue.com/leads/usa-state-new-jersey-business-email-leads-database/
New Mexico Business Email Database,https://leadsblue.com/leads/usa-state-new-mexico-business-email-leads-database/
New York Business Email List,https://leadsblue.com/leads/usa-state-new-york-business-email-leads-database/
North Carolina Business Email Database,https://leadsblue.com/leads/usa-state-north-carolina-business-email-leads-database/
North Dakota Business Email List,https://leadsblue.com/leads/usa-state-north-dakota-business-email-leads-database/
Ohio Business Email Database,https://leadsblue.com/leads/usa-state-ohio-business-email-leads-database/
Oklahoma Business Email List,https://leadsblue.com/leads/usa-state-oklahoma-business-email-leads-database/
Oregon Business Email Database,https://leadsblue.com/leads/usa-state-oregon-business-email-leads-database/
Pennsylvania Business Email List,https://leadsblue.com/leads/usa-state-pennsylvania-business-email-leads-database/
Rhode Island Business Email Database,https://leadsblue.com/leads/usa-state-rhode-island-business-email-leads-database/
South Carolina Business Email List,https://leadsblue.com/leads/usa-state-south-carolina-business-email-leads-database/
South Dakota Business Email Database,https://leadsblue.com/leads/usa-state-south-dakota-business-email-leads-database/
Tennessee Business Email List,https://leadsblue.com/leads/usa-state-tennessee-business-email-leads-database/
Texas Business Email Database,https://leadsblue.com/leads/usa-state-texas-business-email-leads-database/
Utah Business Email List,https://leadsblue.com/leads/usa-state-utah-business-email-leads-database/
Vermont Business Email Database,https://leadsblue.com/leads/usa-state-vermont-business-email-leads-database/
Virginia Business Email List,https://leadsblue.com/leads/usa-state-virginia-business-email-leads-database/
Washington Business Email Database,https://leadsblue.com/leads/usa-state-washington-business-email-leads-database/
West Virginia Business Email List,https://leadsblue.com/leads/usa-state-west-virginia-business-email-leads-database/
Wisconsin Business Email Database,https://leadsblue.com/leads/usa-state-wisconsin-business-email-leads-database/
Wyoming Business Email List,https://leadsblue.com/leads/usa-state-wyoming-business-email-leads-database/
USA Boat Owners Email List,https://leadsblue.com/leads/usa-boat-owners-email-leads-database/
USA CEO Email List,https://leadsblue.com/leads/usa-ceo-email-leads-database/
Gaming Users Email List,https://leadsblue.com/leads/gaming-users-email-leads-database/
Health & Fitness Email List,https://leadsblue.com/leads/health-fitness-email-leads-database/
Home & Garden Users Email List,https://leadsblue.com/leads/home-garden-interested-users-email-leads-database/
Online Shopping Users Email List,https://leadsblue.com/leads/online-shopping-users-email-leads-database/
UK CEO & CFO Email List,https://leadsblue.com/leads/united-kingdom-ceo-cfo-email-leads-database/
USA Credit Inquiries Email List,https://leadsblue.com/leads/usa-credit-inquiries-email-leads-database/
USA Dating Email List,https://leadsblue.com/leads/usa-dating-email-leads-database/
USA Forex Traders Email List,https://leadsblue.com/leads/usa-forex-traders-email-leads-database/
USA Home Owners Email List,https://leadsblue.com/leads/usa-home-owners-email-leads-database/
USA Sports & Betting Email List,https://leadsblue.com/leads/usa-sports-betting-email-leads-database/
USA Accountants & CPA Email List,https://leadsblue.com/leads/usa-accountants-cpas-email-leads-database/
USA Software Companies Email List,https://leadsblue.com/leads/usa-computer-software-companies-email-leads-database/
USA IT Companies Email List,https://leadsblue.com/leads/usa-it-companies-email-leads-database/
USA Lawyers Email List,https://leadsblue.com/leads/usa-lawyers-email-leads-database/
USA Smokers Email List,https://leadsblue.com/leads/usa-smokers-email-leads-database/
Online Music Listeners Email List,https://leadsblue.com/leads/online-music-listeners-email-leads-database/
USA Architects Email List,https://leadsblue.com/leads/usa-architects-email-leads-database/
USA Beauty & Spa Email List,https://leadsblue.com/leads/usa-beauty-spa-email-leads-database/
USA Beauty Companies Email List,https://leadsblue.com/leads/usa-beauty-companies-email-leads-database/
USA Builders Email List,https://leadsblue.com/leads/usa-builders-construction-email-leads-database/
USA Churches & Ministries Email List,https://leadsblue.com/leads/usa-churches-ministries-email-leads-database/
USA Engineers Email List,https://leadsblue.com/leads/usa-engineers-email-leads-database/
USA Finance Companies Email List,https://leadsblue.com/leads/usa-finance-companies-email-leads-database/
USA Fitness & Gyms Email List,https://leadsblue.com/leads/usa-fitness-gyms-email-leads-database/
USA Food & Restaurants Email List,https://leadsblue.com/leads/usa-food-restaurants-leads-database/
USA Interior Designers Email List,https://leadsblue.com/leads/usa-interior-decorator-designer-leads-database/
USA Jewelers Email List,https://leadsblue.com/leads/usa-jewelers-email-leads-database/
Australia Consumer Email List,https://leadsblue.com/leads/australia-consumer-email-database/
Canada Consumer Email Database,https://leadsblue.com/leads/canada-consumer-email-database/
United Kingdom Consumer Email List,https://leadsblue.com/leads/unitedkingdom-consumer-email-database/
AOL User Email list Database - Targeted Mailing Database,https://leadsblue.com/leads/aol-user-email-database/
France Consumer Mailing List,https://leadsblue.com/leads/france-consumer-email-database/
Germany Consumer Email List,https://leadsblue.com/leads/germany-consumer-email-database/
Hotmail Email Addresses: Hotmail User Email list Database,https://leadsblue.com/leads/hotmail-user-email-list-database/
Italy Consumer Email Database,https://leadsblue.com/leads/italy-consumer-email-database/
"MSN Outlook , Office Email List Database",https://leadsblue.com/leads/msn-consumer-email-database/
New Zealand Consumer Mailing List,https://leadsblue.com/leads/newzealand-consumer-email-database/
South Africa Consumer Email List,https://leadsblue.com/leads/southafrica-consumer-email-database/
Spain Consumer Email Database,https://leadsblue.com/leads/spain-consumer-email-database/
Switzerland Consumer Mailing List,https://leadsblue.com/leads/switzerland-consumer-email-database/
UAE Consumer Email List,https://leadsblue.com/leads/uae-consumer-email-database/
Yahoo Users Email List,https://leadsblue.com/leads/yahoo-consumer-email-database/
Austria Consumer Email Database,https://leadsblue.com/leads/austria-consumer-email-database/
Brazil Consumer Email List,https://leadsblue.com/leads/brazil-consumer-email-database/
China Consumer Email List,https://leadsblue.com/leads/china-consumer-email-list-database/
Denmark Consumer Email Database,https://leadsblue.com/leads/denmark-consumer-email-database/
Hong Kong Consumer Mailing List,https://leadsblue.com/leads/hongkong-consumer-email-database/
Indonesia Consumer Email List,https://leadsblue.com/leads/indonesia-consumer-email-database/
Japan Consumer Email Database,https://leadsblue.com/leads/japan-consumer-email-database/
Netherlands Consumer Mailing List,https://leadsblue.com/leads/netherlands-consumer-email-database/
Belgium Consumer Email List,https://leadsblue.com/leads/belgium-consumer-email-database/
Argentina Consumer Email List,https://leadsblue.com/leads/argentina-consumer-email-database/
Czech Republic Consumer Mailing List,https://leadsblue.com/leads/czechrepublic-consumer-email-database/
Finland Consumer Email List,https://leadsblue.com/leads/finland-consumer-email-database-2/
Greece Consumer Email Database,https://leadsblue.com/leads/greece-consumer-email-database/
Hungary Consumer Email List,https://leadsblue.com/leads/hungary-consumer-email-database/
Iceland Consumer Mailing List,https://leadsblue.com/leads/iceland-consumer-email-database/
Mexico Consumer Email List,https://leadsblue.com/leads/mexico-consumer-email-database/
Norway Consumer Email Database,https://leadsblue.com/leads/norway-consumer-email-database/
Pakistan Consumer Email List,https://leadsblue.com/leads/pakistan-consumer-email-database/
Poland Consumer Mailing List,https://leadsblue.com/leads/poland-consumer-email-database/
Portugal Consumer Email List,https://leadsblue.com/leads/portugal-consumer-email-database/
Singapore Consumer Email Database,https://leadsblue.com/leads/singapore-consumer-email-database/
Sweden Consumer Email List,https://leadsblue.com/leads/sweden-consumer-email-database/
Taiwan Consumer Mailing List,https://leadsblue.com/leads/taiwan-consumer-email-database/
Colombia Consumer Email List,https://leadsblue.com/leads/colombia-consumer-email-database/
Ireland Consumer Email Database,https://leadsblue.com/leads/ireland-consumer-email-database/
Israel Consumer Email List,https://leadsblue.com/leads/israel-consumer-email-database/
South Korea Consumer Mailing List,https://leadsblue.com/leads/southkorea-consumer-email-database/
Sri Lanka Consumer Email List,https://leadsblue.com/leads/srilanka-consumer-email-database/
Albania Consumer Mailing List,https://leadsblue.com/leads/albania-consumer-email-database/
Bangladesh Consumer Email List,https://leadsblue.com/leads/bangladesh-consumer-email-database/
Costa Rica Consumer Email List,https://leadsblue.com/leads/costarica-consumer-email-database/
Ecuador Consumer Mailing List,https://leadsblue.com/leads/ecuador-consumer-email-database/
Egypt Consumer Email List,https://leadsblue.com/leads/egypt-consumer-email-database/
Honduras Consumer Email Database,https://leadsblue.com/leads/honduras-consumer-email-database/
Iran Consumer Email List,https://leadsblue.com/leads/iran-consumer-email-database/
Kazakhstan Consumer Mailing List,https://leadsblue.com/leads/kazakhstan-consumer-email-database/
Latin America Consumer Email List,https://leadsblue.com/leads/latinamerica-consumer-email-database/
Latvia Consumer Email List,https://leadsblue.com/leads/latvia-consumer-email-database/
Luxembourg Consumer Mailing List,https://leadsblue.com/leads/luxembourg-consumer-email-database/
Malaysia Consumer Email List,https://leadsblue.com/leads/malaysia-consumer-email-database/
Romania Consumer Email Database,https://leadsblue.com/leads/romania-consumer-email-database/
Russia Consumer Email List,https://leadsblue.com/leads/russia-consumer-email-database/
Saudi Arabia Consumer Email List,https://leadsblue.com/leads/saudiarabia-consumer-email-database/
Slovenia Consumer Mailing List,https://leadsblue.com/leads/slovenia-consumer-email-database/
Tanzania Consumer Email List,https://leadsblue.com/leads/tanzania-consumer-email-database/
Tonga Consumer Mailing List,https://leadsblue.com/leads/tonga-consumer-email-database/
Ukraine Consumer Email List,https://leadsblue.com/leads/ukraine-consumer-email-database/
Uruguay Consumer Email Database,https://leadsblue.com/leads/uruguay-consumer-email-database/
United Kingdom Business Email List,https://leadsblue.com/leads/united-kingdom-uk-business-email-leads-database/
Ireland Business Email List,https://leadsblue.com/leads/ireland-business-email-leads-database/
Hong Kong Business Email List,https://leadsblue.com/leads/hong-kong-business-email-leads-database/
Crowdfunding Investors Email List,https://leadsblue.com/leads/crowdfunding-investors-list-crowdfunding-campaign-promotion/
Forex Leads - Targeted Forex Traders Email List,https://leadsblue.com/leads/forex-leads-forex-traders-email-list/
Online Dating Users Email List,https://leadsblue.com/leads/online-dating-users-email-database/
[] Premium Antivirus Users Email Database,https://leadsblue.com/leads/2018-premium-antivirus-users-email-database/
Internet Marketers Email List,https://leadsblue.com/leads/internet-marketers-online-business-owners-database/
Gambling & Betting Users Email List,https://leadsblue.com/leads/online-gambling-betting-users-email-database/
Saudi Arabia Email & Phone List,https://leadsblue.com/leads/saudi-arabia-emails-and-mobile-phone-nos/
Muslim Users Email List,https://leadsblue.com/leads/muslim-users-emails-list-email-addresses-database/
USA Doctors Email List,https://leadsblue.com/leads/usa-doctors-emails-database-usa-physicians-medical-doctors-email-list/
Thailand Consumer Email List,https://leadsblue.com/leads/thailand-consumer-email-list-thailand-email-leads/
UK Horse Owners Email List,https://leadsblue.com/leads/uk-horse-owners-email-leads-database-horse-owners-emails-list-uk/
Cannabis Users Email List,https://leadsblue.com/leads/cannabis-users-email-leads-database-weed-smokers-marijuana-enthusiasts-email-list/
[Offer] Billion Global Email List,https://leadsblue.com/leads/2-billion-emails-list-au-usa-uk-ca-worldwide-leads/
CS:GO Esports Users Email List,https://leadsblue.com/leads/cs-go-esports-users-and-players-email-list-database/
Linux Users Email List,https://leadsblue.com/leads/linux-users-linux-enthusiasts-email-list-database/
GTA Gaming Users Email List,https://leadsblue.com/leads/gta-gaming-users-emails-list-database/
Minecraft Server Users Email List,https://leadsblue.com/leads/minecraft-pe-server-users-email-list-database/
Women Magazine Readers Email List,https://leadsblue.com/leads/women-magazine-readers-emails-list-database/
CrossFire Gaming Users Email List,https://leadsblue.com/leads/crossfire-gaming-users-email-list-database/
Web Hosting Users Email List,https://leadsblue.com/leads/web-hosting-users-email-list-database/
Fashion & Models Email List,https://leadsblue.com/leads/fashion-stylistmodels-users-email-list-database/
Mangafox Readers Email List,https://leadsblue.com/leads/mangafox-readers-email-list-database/
Call of Gods Players Email List,https://leadsblue.com/leads/call-of-gods-players-email-list-database/
Web Comics Readers Email List,https://leadsblue.com/leads/online-web-comics-readers-email-list-database/
Mobile Spy App Users Email List,https://leadsblue.com/leads/cell-phone-tracker-mobile-spy-app-users-email-list-database/
URL Shortener Users Email List,https://leadsblue.com/leads/url-shortener-users-email-list-database/
USA Coupon Website Users Email List,https://leadsblue.com/leads/online-usa-coupon-websites-discount-deals-users-email-list-database/
Work From Home Users Email List,https://leadsblue.com/leads/work-from-home-make-money-online-users-email-list-database/
Paid Surveys Users Email List,https://leadsblue.com/leads/paid-online-surveys-online-money-making-interested-users-email-list-database/
IT Professionals Email List,https://leadsblue.com/leads/it-professionals-and-programmers-email-list-database/
Twitter Users Email List Database,https://leadsblue.com/leads/twitter-users-email-list-database/
LinkedIn Leads,https://leadsblue.com/leads/linkedin-users-email-list-database/
RuneScape Players Email List,https://leadsblue.com/leads/runescape-players-runescape-server-users-email-list-database/
Xbox Users Email List,https://leadsblue.com/leads/xbox-users-email-list-database/
USA Companies Decision Makers Email List Database,https://leadsblue.com/leads/usa-companies-decision-makers-email-list-database/
Comcast Users Email List,https://leadsblue.com/leads/comcast-users-email-list-comcast-net-consumer-email-list/
Gmail Users Email List,https://leadsblue.com/leads/gmail-users-email-list-sales-leads-database/
Kickstarter Backers Email List,https://leadsblue.com/leads/buy-kickstarter-email-list-indiegogo-kickstarter-superbacker-list/
UK Forex Traders Email List,https://leadsblue.com/leads/forex-leads-uk-forex-traders-mobile-email-list-leads-for-sale/
Canada Forex Traders Email List,https://leadsblue.com/leads/canada-forex-leads-ca-forex-traders-mobile-email-list-leads-for-sale-canada/
Italy Forex Traders Email List,https://leadsblue.com/leads/italian-leads-forex-italy-forex-traders-mobile-email-list-sales-leads/
Germany Forex Traders Email List,https://leadsblue.com/leads/german-forex-leads-german-forex-traders-mobile-email-list-sales-leads/
USA Realtors Email List,https://leadsblue.com/leads/usa-realtors-email-list-usa-real-estate-agent-email-list-database/
USA Investors Email List,https://leadsblue.com/leads/usa-investors-email-list-database/
Brazil Forex Traders Email List,https://leadsblue.com/leads/brazil-forex-leads-brazil-forex-traders-email-list/
Arab Forex Traders Email List,https://leadsblue.com/leads/arab-forex-leads-arab-forex-traders-email-leads/
USA Dentist Email List,https://leadsblue.com/leads/dentist-email-list-usa-dentist-email-list-database/
USA Churches & Ministries Email List,https://leadsblue.com/leads/churches-email-list-usa-churches-emall-list-database/
Worldwide Email List Offer,https://leadsblue.com/leads/buy-email-list-database/
Chiropractors Email List,https://leadsblue.com/leads/chiropractors-email-list-buy-best-usa-chiropractor-email-list-database/
Chile Consumer Mailing List,https://leadsblue.com/leads/chile-consumer-email-list-sales-leads-database/
Crypto Investor Email List,https://leadsblue.com/leads/crypto-investor-email-list-cryptocurrency-investor-leads-database/
Crypto & Blockchain Companies Email List,https://leadsblue.com/leads/crypto-companies-list-email-list-of-blockchain-companies/
Crypto Journalists Email list: Blockchain media list,https://leadsblue.com/leads/crypto-journalists-email-list-blockchain-media-list/
Blockchain Leads: The Complete Package,https://leadsblue.com/leads/blockchain-leads/
USA Business Database Category Wise,https://leadsblue.com/leads/usa-business-database-category-wise/
Websites List Database,https://leadsblue.com/leads/websites-databases-global-b2b-databases-by-category-wise/
Whois Database: Complete Whois Email Database Download,https://leadsblue.com/leads/whois-database-complete-whois-email-database-download/
South Korea Business Email List,https://leadsblue.com/leads/south-korea-business-email-list-sales-leads-database/
Crypto Exchanges Email List,https://leadsblue.com/leads/crypto-exchanges-list-top-crypto-exchanges-email-list/
Philippines Consumer Email List,https://leadsblue.com/leads/philippines-consumer-email-list-sales-leads-database/
Data Worth A Billion Dollars For Only $/-,https://leadsblue.com/leads/data-worth-a-billion-dollars-for-only-999/
CEO & CFO Email List,https://leadsblue.com/leads/ceo-cfo-and-decision-maker-email-list-database/
Colombia Business Email List,https://leadsblue.com/leads/colombia-business-email-list-database/
Worldwide BB & BC Email List,https://leadsblue.com/leads/world-wide-global-b2b-and-b2c-email-list-database/
Turkey Consumer Email Database,https://leadsblue.com/leads/turkey-consumer-email-list-and-sales-leads-database/
Instagram Influencers Email List,https://leadsblue.com/leads/instagram-influencers-list-with-emails/
Indian Business leads,https://leadsblue.com/leads/indian-business-leads/
